gauges,LAT,LONG,gauge_name,Cal_KGE
1022500,44.60797,-67.93524,"           Narraguagus River at Cherryfield, Maine",0.7645394530016371
1031500,45.17501,-69.3147,"      Piscataquis River near Dover-Foxcroft, Maine",0.809500433790122
1047000,44.8692,-69.9551,"        Carrabassett River near North Anson, Maine",0.8154252492502378
1052500,44.87739,-71.05749,"         Diamond River near Wentworth Location, NH",0.7578156729425501
1054200,44.39044,-70.97964,"                       Wild River at Gilead, Maine",0.7524042919172043
1055000,44.64275,-70.58878,"                   Swift River near Roxbury, Maine",0.7655461044896487
1057000,44.30399,-70.53968," Little Androscoggin River near South Paris, Maine",0.8216632798410427
1073000,43.1487,-70.96506,"                      OYSTER RIVER NEAR DURHAM, NH",0.8470507522852808
1078000,43.56646,-71.74786,"                      SMITH RIVER NEAR BRISTOL, NH",0.791583893324415
1123000,41.67177,-72.0523,"                    LITTLE RIVER NEAR HANOVER, CT.",0.822990199038467
1134500,44.51172,-71.83731,"                        MOOSE RIVER AT VICTORY, VT",0.7581777035411563
1137500,44.26867,-71.63036,"        AMMONOOSUC RIVER AT BETHLEHEM JUNCTION, NH",0.7654040997652414
1139000,44.15034,-72.06509,"                    WELLS RIVER AT WELLS RIVER, VT",0.8257882271747374
1139800,44.09284,-72.33565,"             EAST ORANGE BRANCH AT EAST ORANGE, VT",0.7898494953855598
1142500,43.93451,-72.65788,"                       AYERS BROOK AT RANDOLPH, VT",0.7172500564781623
1144000,43.71424,-72.41815,"                  WHITE RIVER AT WEST HARTFORD, VT",0.8055427505424293
1162500,42.68259,-72.11508,"                  PRIEST BROOK NEAR WINCHENDON, MA",0.8033792340839303
1169000,42.63842,-72.72509,"                  NORTH RIVER AT SHATTUCKVILLE, MA",0.7386173306277038
1170100,42.70342,-72.67065,"                      GREEN RIVER NEAR COLRAIN, MA",0.759303206836168
1181000,42.23731,-72.89565,"     WEST BRANCH WESTFIELD RIVER AT HUNTINGTON, MA",0.7694694635165519
1187300,42.03732,-72.93899,"              HUBBARD RIVER NR. WEST HARTLAND, CT.",0.8053856860123991
1195100,41.30593,-72.5312,"                    INDIAN RIVER NEAR CLINTON, CT.",0.7717908348229343
4296000,44.86894,-72.2701,"                       BLACK RIVER AT COVENTRY, VT",0.743327816359896
1333000,42.70897,-73.19677,"                   GREEN RIVER AT WILLIAMSTOWN, MA",0.7684323641606363
1350000,42.31953,-74.43654,                 SCHOHARIE CREEK AT PRATTSVILLE NY,0.7999155465043929
1350080,42.37703,-74.41292,      MANOR KILL AT WEST CONESVILLE NEAR GILBOA NY,0.7762385152947675
1350140,42.42897,-74.47293,                  MINE KILL NEAR NORTH BLENHEIM NY,0.7518144948185161
1365000,41.86648,-74.4871,               RONDOUT CREEK NEAR LOWES CORNERS NY,0.781569376569339
1411300,39.30694,-74.82056,                TUCKAHOE RIVER AT HEAD OF RIVER NJ,0.8195683859777724
1413500,42.14481,-74.65349,            EAST BR DELAWARE R AT MARGARETVILLE NY,0.803084740987519
1414500,42.1062,-74.73043,                       MILL BROOK NEAR DUNRAVEN NY,0.7354655898687426
1415000,42.12009,-74.81849,                        TREMPER KILL NEAR ANDES NY,0.7972601192154087
1423000,42.1662,-75.13989,           WEST BRANCH DELAWARE RIVER AT WALTON NY,0.8661262108213998
1434025,41.99537,-74.50099,     BISCUIT BK ABOVE PIGEON BK AT FROST VALLEY NY,0.7743666925977823
1435000,41.89009,-74.58988,                NEVERSINK RIVER NEAR CLARYVILLE NY,0.7418499597460019
1439500,41.08815,-75.03767,"                       Bush Kill at Shoemakers, PA",0.8441180324520398
1440000,41.10667,-74.95222,                 FLAT BROOK NEAR FLATBROOKVILLE NJ,0.845771655162411
1440400,41.08481,-75.21462,"                 Brodhead Creek near Analomink, PA",0.8294047136300889
1451800,40.66176,-75.62685,"               Jordan Creek near Schnecksville, PA",0.8428496742818106
1466500,39.885,-74.50528,       MCDONALDS BRANCH IN LEBANON STATE FOREST NJ,0.1841214203364876
1484100,38.90578,-75.51275,"                   BEAVERDAM BRANCH AT HOUSTON, DE",0.7050002381651592
1487000,38.72833,-75.56186,"              NANTICOKE RIVER NEAR BRIDGEVILLE, DE",0.8105065297527433
1491000,38.99719,-75.78581,"                CHOPTANK RIVER NEAR GREENSBORO, MD",0.7476383711233725
1510000,42.54118,-75.89964,                   OTSELIC RIVER AT CINCINNATUS NY,0.7698005407467299
1516500,41.79091,-77.01469,"                   Corey Creek near Mainesburg, PA",0.6550340435746442
1518862,41.92313,-77.53193,"                 Cowanesque River at Westfield, PA",0.7449346655092672
1532000,41.70702,-76.48467,"                  Towanda Creek near Monroeton, PA",0.7785660044201057
1539000,41.07814,-76.43106,"                 Fishing Creek near Bloomsburg, PA",0.8294168146430786
1542810,41.57895,-78.29251,"                       Waldy Run near Emporium, PA",0.7891262397092486
1543000,41.4134,-78.19695," Driftwood Br Sinnemahoning Cr at Sterling Run, PA",0.8258423676179212
1543500,41.31728,-78.10306,"          Sinnemahoning Creek at Sinnemahoning, PA",0.8273195878665996
1544500,41.4759,-77.82582,"                    Kettle Creek at Cross Fork, PA",0.8134580294409629
1545600,41.38951,-77.69082,"                Young Womans Creek near Renovo, PA",0.809490751071939
1547700,41.05951,-77.60583,"                      Marsh Creek at Blanchard, PA",0.793205280338903
1548500,41.52174,-77.44748,"                       Pine Creek at Cedar Run, PA",0.8557689845055949
1549500,41.47368,-77.23081,"          Blockhouse Creek near English Center, PA",0.810933466579587
1550000,41.41841,-77.03275,"                 Lycoming Creek near Trout Run, PA",0.7938616707642154
1552000,41.32508,-76.91246,"             Loyalsock Creek at Loyalsockville, PA",0.8459913054990554
1552500,41.35702,-76.53467,"                    Muncy Creek near Sonestown, PA",0.7720849018036641
1557500,40.68367,-78.23362,"                    Bald Eagle Creek at Tyrone, PA",0.7720395157704946
1567500,40.37092,-77.40221,"                     Bixler Run near Loysville, PA",0.7311887788500371
1568000,40.32342,-77.16887,"                Sherman Creek at Shermans Dale, PA",0.8242950853878532
1580000,39.62997,-76.40331,"                           DEER CREEK AT ROCKS, MD",0.7359900287369197
1583500,39.51078,-76.6765,"                    WESTERN RUN AT WESTERN RUN, MD",0.6276887733475702
1586610,39.45189,-76.95531,"                    MORGAN RUN NEAR LOUISVILLE, MD",0.6462377643008297
1591400,39.25597,-77.05106,"                   CATTAIL CREEK NEAR GLENWOOD, MD",0.6682132357281095
1594950,39.27669,-79.39031,"                MCMILLAN F NEAR FORT PENDLETON, MD",0.7339063085587902
1596500,39.57006,-79.10194,"                      SAVAGE RIVER NEAR BARTON, MD",0.8020311788014594
1605500,38.63567,-79.33782,"        SOUTH BRANCH POTOMAC RIVER AT FRANKLIN, WV",0.7300519036165195
1606500,38.99122,-79.17587,"        SO. BRANCH POTOMAC RIVER NR PETERSBURG, WV",0.7635786299703659
1632000,38.63706,-78.8528,"          N F SHENANDOAH RIVER AT COOTES STORE, VA",0.7053912375798581
1632900,38.69345,-78.64279,"                   SMITH CREEK NEAR NEW MARKET, VA",0.6436904393451801
1634500,39.08122,-78.32945,"                   CEDAR CREEK NEAR WINCHESTER, VA",0.7087059490601413
1638480,39.25455,-77.57638,"                 CATOCTIN CREEK AT TAYLORSTOWN, VA",0.686161998750743
1639500,39.61236,-77.23744,"                  BIG PIPE CREEK AT BRUCEVILLE, MD",0.778139471244185
1644000,39.01955,-77.57749,"                     GOOSE CREEK NEAR LEESBURG, VA",0.803941706973548
1664000,38.53068,-77.8136,"               RAPPAHANNOCK RIVER AT REMINGTON, VA",0.8254549708136554
1666500,38.32513,-78.09556,"               ROBINSON RIVER NEAR LOCUST DALE, VA",0.6957180880937706
1667500,38.35041,-77.975,"                   RAPIDAN RIVER NEAR CULPEPER, VA",0.7733866341191271
1669000,37.87708,-76.90052,"            PISCATAWAY CREEK NEAR TAPPAHANNOCK, VA",0.6810207549670861
1669520,37.63375,-76.69635,"                        DRAGON SWAMP AT MASCOT, VA",0.6553682711898553
2011400,38.04235,-79.88144,"                     JACKSON RIVER NEAR BACOVA, VA",0.7851083941056654
2013000,37.8029,-80.047,"                   DUNLAP CREEK NEAR COVINGTON, VA",0.7916507808265956
2014000,37.72901,-80.04228,"                    POTTS CREEK NEAR COVINGTON, VA",0.8167449294669343
2015700,38.1954,-79.57032,"            BULLPASTURE RIVER AT WILLIAMSVILLE, VA",0.7524873422881749
2016000,37.7918,-79.75949,"           COWPASTURE RIVER NEAR CLIFTON FORGE, VA",0.8361941453704349
2017500,37.50624,-80.10671,"                     JOHNS CREEK AT NEW CASTLE, VA",0.832091938005727
2018000,37.66596,-79.91144,"                           CRAIG CREEK AT PARR, VA",0.8416796257956982
2027000,37.71542,-78.98169,"                     TYE RIVER NEAR LOVINGSTON, VA",0.766074712752993
2027500,37.70236,-79.02752,"                    PINEY RIVER AT PINEY RIVER, VA",0.6360024930181818
2028500,37.86959,-78.82335,"                ROCKFISH RIVER NEAR GREENFIELD, VA",0.7412550245073173
2038850,37.41542,-78.63584,"              HOLIDAY CREEK NEAR ANDERSONVILLE, VA",0.4831908961617294
2046000,37.06709,-77.60249,"                    STONY CREEK NEAR DINWIDDIE, VA",0.5654917584883385
2051500,36.71681,-77.83166,"             MEHERRIN RIVER NEAR LAWRENCEVILLE, VA",0.5761316021985655
2053200,36.37083,-77.02556,"                     POTECASI CREEK NEAR UNION, NC",0.6981556058491851
2053800,37.14013,-80.26643,"             S F ROANOKE RIVER NEAR SHAWSVILLE, VA",0.7319007071902041
2055100,37.41763,-79.93532,"                   TINKER CREEK NEAR DALEVILLE, VA",0.6167849558740448
2056900,37.04514,-79.8442,"             BLACKWATER RIVER NEAR ROCKY MOUNT, VA",0.7473396503331559
2059500,37.1732,-79.52031,"                   GOOSE CREEK NEAR HUDDLESTON, VA",0.6190659869676898
2064000,37.12681,-78.95974,"                     FALLING RIVER NEAR NARUNA, VA",0.7081750534093358
2065500,37.07931,-78.76362,"                           CUB CREEK AT PHENIX, VA",0.5587169214022426
2069700,36.57097,-80.12949,"             SOUTH MAYO RIVER NEAR NETTLERIDGE, VA",0.7334907276179136
2070000,36.56819,-79.98726,"                 NORTH MAYO RIVER NEAR SPENCER, VA",0.7206652737661676
2074500,36.61958,-79.50419,"                     SANDY RIVER NEAR DANVILLE, VA",0.5958345271717562
2077200,36.39778,-79.19667,"                      HYCO CREEK NEAR LEASBURG, NC",0.6101300563417804
2081500,36.19417,-78.58306,"                      TAR RIVER NEAR TAR RIVER, NC",0.5233688772382313
2082950,36.18333,-77.87611,"           LITTLE FISHING CREEK NEAR WHITE OAK, NC",0.6890997196225092
2092500,35.06417,-77.46139,"                      TRENT RIVER NEAR TRENTON, NC",0.571843276715254
2096846,35.98722,-79.20611,"                  CANE CREEK NEAR ORANGE GROVE, NC",0.5034826133940511
2102908,35.18278,-79.1775,"                     FLAT CREEK NEAR INVERNESS, NC",0.8076418627798913
2108000,34.82889,-77.83222,"     NORTHEAST CAPE FEAR RIVER NEAR CHINQUAPIN, NC",0.7923152419674865
2111180,36.07139,-81.40306,"                         ELK CREEK AT ELKVILLE, NC",0.753325831622579
2111500,36.175,-81.16889,"             REDDIES RIVER AT NORTH WILKESBORO, NC",0.796356987940325
2118500,36.00056,-80.74556,"                    HUNTING CREEK NEAR HARMONY, NC",0.731178369612575
2128000,35.38722,-79.83139,"                        LITTLE RIVER NEAR STAR, NC",0.49503216727908517
2137727,35.68583,-82.06028,"                 CATAWBA R NR PLEASANT GARDENS, NC",0.8031925072128219
2140991,35.83361,-81.71194,"                   JOHNS RIVER AT ARNEYS STORE, NC",0.7937185539180099
2143000,35.68444,-81.40333,"                   HENRY FORK NEAR HENRY RIVER, NC",0.6968956169218706
2143040,35.59069,-81.56704,"                          JACOB FORK AT RAMSEY, NC",0.7672204443615968
2149000,35.42345,-82.1115,"                     COVE CREEK NEAR LAKE LURE, NC",0.7832091963870668
2152100,35.49306,-81.68222,"                  FIRST BROAD RIVER NEAR CASAR, NC",0.7037471099418939
2177000,34.81398,-83.30599,"                  CHATTOOGA RIVER NEAR CLAYTON, GA",0.8628444962927333
2178400,34.89037,-83.53044,"                   TALLULAH RIVER NEAR CLAYTON, GA",0.8346498202931495
2193340,33.68263,-82.85792,"                  KETTLE CREEK NEAR WASHINGTON, GA",0.47298248679824795
2196000,33.7293,-82.18179,"                      STEVENS CREEK NEAR MODOC, SC",0.5133268798737346
2198100,32.93766,-81.81539,"                   BEAVERDAM CREEK NEAR SARDIS, GA",0.7284322417025199
2202600,32.16798,-81.48817,"                    BLACK CREEK NEAR BLITCHTON, GA",0.7259328269694172
2212600,33.09985,-83.72351,"                   FALLING CREEK NEAR JULIETTE, GA",0.5072328385444076
2215100,32.23944,-83.50167,"         TUCSAWHATCHEE CREEK NEAR HAWKINSVILLE, GA",0.8092049557394826
2216180,31.99139,-82.92194,"                     TURNPIKE CREEK NEAR MCRAE, GA",0.8164232642810918
2221525,33.25236,-83.48128,"                   MURDER CREEK BELOW EATONTON, GA",0.6153255131324888
2231000,30.35885,-82.0815,"                ST. MARYS RIVER NR MACCLENNY, FLA.",0.9037565601003364
2245500,29.97941,-81.85204,"      SOUTH FORK BLACK CREEK NR PENNEY FARMS, FLA.",0.7719860394032482
2246000,30.1133,-81.90649,"        NORTH FORK BLACK CREEK NR MIDDLEBURG, FLA.",0.8551675187901837
2296500,27.37504,-81.79647,                     CHARLIE CREEK NEAR GARDNER FL,0.7711774804098556
2297155,27.48726,-82.02342,                   HORSE CREEK NEAR MYAKKA HEAD FL,0.6915075906530461
2297310,27.19949,-81.98842,                       HORSE CREEK NEAR ARCADIA FL,0.7573127420905822
2298123,27.052,-81.78453,                  PRAIRIE CREEK NEAR FORT OGDEN FL,0.6472036224631815
2298608,27.34366,-82.15676,                    MYAKKA RIVER AT MYAKKA CITY FL,0.7011441708182876
2299950,27.47365,-82.2112,                 MANATEE RIVER NEAR MYAKKA HEAD FL,0.7250729425204638
2300700,27.79197,-82.35204,                    BULLFROG CREEK NEAR WIMAUMA FL,0.6747817373044602
2349900,32.19556,-83.90222,"                    TURKEY CREEK AT BYROMVILLE, GA",0.7804895441400631
2350900,31.76444,-84.25333,"                KINCHAFOONEE CREEK NEAR DAWSON, GA",0.7513007575571736
2361000,31.34295,-85.61049,"             CHOCTAWHATCHEE RIVER NEAR NEWTON, AL.",0.8914964757938614
2363000,31.59489,-85.783,                          PEA RIVER NEAR ARITON AL,0.7949444544230212
2369800,31.02768,-86.70996,                  BLACKWATER RIVER NEAR BRADLEY AL,0.7057361651071532
2371500,31.5735,-86.25162,                      CONECUH RIVER AT BRANTLEY AL,0.7531021363181256
2372250,31.59627,-86.40552,                  PATSALIGA CREEK NEAR BRANTLEY AL,0.7125331572154536
2374500,31.4185,-86.98664,                    MURDER CREEK NEAR EVERGREEN AL,0.8129530677716583
2381600,34.57037,-84.46882,"               FAUSETT CREEK NEAR TALKING ROCK, GA",0.6447379247710711
2384540,34.87202,-84.72133,"                      MILL CREEK NEAR CRANDALL, GA",0.7880343979975846
2395120,34.24278,-84.88972,"                   TWO RUN CREEK NEAR KINGSTON, GA",0.782975581189564
2415000,33.06679,-85.87913,               HILLABEE CREEK NEAR HACKNEYVILLE AL,0.8287057380554599
2427250,31.99626,-87.06832,"             PINE BARREN CREEK NEAR SNOW HILL, AL.",0.7907732357375415
2430085,34.46667,-88.28361,"                  RED BUD CREEK NR MOORES MILL, MS",0.7776224650195677
2450250,34.28538,-87.39891,                       SIPSEY FORK NEAR GRAYSON AL,0.8640356115426031
2464000,33.47928,-87.59723,                      NORTH RIVER NEAR SAMANTHA AL,0.794189816605408
2465493,32.99735,-87.62223,                   ELLIOTTS CREEK AT MOUNDVILLE AL,0.656683459004882
2469800,31.74432,-88.02251,                 SATILPA CREEK NEAR COFFEEVILLE AL,0.8141826243544802
2472000,31.70694,-89.40694,"                         LEAF RIVER NR COLLINS, MS",0.7883901832636176
2472500,31.42583,-89.41472,"                    BOUIE CREEK NR HATTIESBURG, MS",0.7364660847894013
2479155,31.02528,-89.01667,"                       CYPRESS CREEK NR JANICE, MS",0.7796660454956825
2479300,30.73611,-88.78111,"                           RED CREEK AT VESTRY, MS",0.8485026563640048
2479560,30.80908,-88.45863,                  ESCATAWPA RIVER NEAR AGRICOLA MS,0.8064293209883323
2481000,30.55861,-89.12194,"                       BILOXI RIVER AT WORTHAM, MS",0.8281875474385663
2481510,30.48361,-89.27444,"                          WOLF RIVER NR LANDON, MS",0.8404650271861948
4015330,46.94688,-91.7924,"                  KNIFE RIVER NEAR TWO HARBORS, MN",0.6623688305597151
4024430,46.63327,-92.09408,"             NEMADJI RIVER NEAR SOUTH SUPERIOR, WI",0.6815225634939095
4027000,46.48661,-90.6963,"                         BAD RIVER NEAR ODANAH, WI",0.772460791178125
4040500,46.58411,-88.57597,"                    STURGEON RIVER NEAR SIDNAW, MI",0.7808145376920966
4043050,47.22854,-88.38539,"              TRAP ROCK RIVER NEAR LAKE LINDEN, MI",0.5527238125199773
4045500,46.57502,-85.26955,"               TAHQUAMENON RIVER NEAR PARADISE, MI",0.719785301376588
4057510,45.94302,-86.7057,"            STURGEON RIVER NEAR NAHMA JUNCTION, MI",0.7557422988856851
4057800,46.4991,-87.88652,"      MIDDLE BRANCH ESCANABA RIVER AT HUMBOLDT, MI",0.721491381485945
4059500,45.75552,-87.20152,"                          FORD RIVER NEAR HYDE, MI",0.7948407341008296
4063700,45.76357,-88.46318,"                       POPPLE RIVER NEAR FENCE, WI",0.8237855627972692
4074950,45.18997,-88.73344,"                        WOLF RIVER AT LANGLADE, WI",0.6645179913734306
4105700,42.35337,-85.35389,"                    AUGUSTA CREEK NEAR AUGUSTA, MI",0.48529398419710446
4115265,43.24976,-84.98113,"                       FISH CREEK NEAR CRYSTAL, MI",0.6771013332644586
4122200,43.46418,-86.23257,"                    WHITE RIVER NEAR WHITEHALL, MI",0.5766966873920863
4122500,43.94501,-86.27869,"            PERE MARQUETTE RIVER AT SCOTTVILLE, MI",0.4872354147955429
4127997,45.27446,-84.60003,"                   STURGEON RIVER AT WOLVERINE, MI",0.34360674255627344
4185000,41.5045,-84.42967,                        Tiffin River at Stryker OH,0.8024711683666361
4196800,40.92283,-83.34881,                    Tymochtee Creek at Crawford OH,0.6578512559930558
4197100,41.02228,-83.10964,                         Honey Creek at Melmore OH,0.7365614515791117
4197170,41.11367,-83.16825,                           Rock Creek at Tiffin OH,0.6187911301520939
4213000,41.927,-80.60397,                     Conneaut Creek at Conneaut OH,0.5183921091680993
4213075,41.992,-80.29117,"                        Brandy Run near Girard, PA",0.5685185528470951
4216418,42.86395,-78.28363,                      TONAWANDA CREEK AT ATTICA NY,0.6625368769951112
4221000,42.12229,-77.95722,                    GENESEE RIVER AT WELLSVILLE NY,0.7973701471889073
4224775,42.53562,-77.70416,               CANASERAGA CREEK ABOVE DANSVILLE NY,0.7602520127935968
4256000,43.74729,-75.33435,             INDEPENDENCE RIVER AT DONNATTSBURG NY,0.7420080204022035
3010655,41.96173,-78.19807,"                  Oswayo Creek at Shinglehouse, PA",0.8314214221869349
3011800,41.76645,-78.71864,"                      Kinzua Creek near Guffey, PA",0.8023580290430271
3015500,41.85256,-79.31727,"              Brokenstraw Creek at Youngsville, PA",0.769496641107182
3021350,42.01533,-79.78255,"                   French Creek near Wattsburg, PA",0.5957097168626939
3026500,41.63117,-78.57669,"                   Sevenmile Run near Rasselas, PA",0.7888043017440689
3028000,41.57534,-78.69225,"           West Branch Clarion River at Wilcox, PA",0.7709841452701215
3049000,40.7159,-79.69949,"                   Buffalo Creek near Freeport, PA",0.7701482507890377
3049800,40.52035,-79.93811,"                   Little Pine Creek near Etna, PA",0.7457492472795586
3050000,38.80927,-79.88173,"               TYGART VALLEY RIVER NEAR DAILEY, WV",0.8289539743125038
3069500,39.12288,-79.68117,"                      CHEAT RIVER NEAR PARSONS, WV",0.8057598946844474
3070500,39.61564,-79.70477,"                  BIG SANDY CREEK AT ROCKVILLE, WV",0.7612953853179305
3076600,39.65614,-79.39411,"                    BEAR CREEK AT FRIENDSVILLE, MD",0.799428208037527
3078000,39.70219,-79.13639,"                CASSELMAN RIVER AT GRANTSVILLE, MD",0.77597630917751
3140000,40.36285,-81.86236,                      Mill Creek near Coshocton OH,0.6662654027471943
3144000,40.13257,-82.14792,              Wakatomika Creek near Frazeysburg OH,0.7549607858280556
3170000,37.03763,-80.55672,"                   LITTLE RIVER AT GRAYSONTOWN, VA",0.7745543805262376
3173000,37.26818,-80.70951,"                          WALKER CREEK AT BANE, VA",0.7851344591759757
3180500,38.54373,-79.83312,"                    GREENBRIER RIVER AT DURBIN, WV",0.7773823892215455
3182500,38.18595,-80.13062,"                   GREENBRIER RIVER AT BUCKEYE, WV",0.8280332910667746
3186500,38.379,-80.48397,"                        WILLIAMS RIVER AT DYER, WV",0.7357368381311775
3237280,38.64369,-83.21574,                      Upper Twin Creek at McGaw OH,0.5803686298231715
3237500,38.80368,-83.42102,               Ohio Brush Creek near West Union OH,0.6331969092675238
3241500,39.72284,-83.88271,                   Massies Creek at Wilberforce OH,0.794637508964945
3280700,37.16509,-83.30796,"                       CUTSHIN CREEK AT WOOTON, KY",0.7606868852529036
3281500,37.47981,-83.67519,"       SOUTH FORK KENTUCKY RIVER AT BOONEVILLE, KY",0.861491426608598
3285000,37.64202,-84.66078,"                       DIX RIVER NEAR DANVILLE, KY",0.7636614232250049
3291780,38.87811,-85.25718,"              INDIAN-KENTUCK CREEK NR CANAAN, IND.",0.648387160140745
3338780,40.26531,-87.6428,"      NORTH FORK VERMILION RIVER NEAR BISMARCK, IL",0.765315826781338
3340800,39.81255,-86.9539,              BIG RACCOON CREEK NEAR FINCASTLE IND,0.7291846545191614
3346000,39.01004,-87.94559,"         NORTH FORK EMBARRAS RIVER NEAR OBLONG, IL",0.7022044636068294
3364500,39.27477,-85.70165,"                    CLIFTY CREEK AT HARTSVILLE, IN",0.7592916292240488
3366500,38.80422,-85.67386,"                 MUSCATATUCK RIVER NEAR DEPUTY, IN",0.7769845266223855
3368000,39.07033,-85.48608,"                     BRUSH CREEK NEAR NEBRASKA, IN",0.48061757254773607
3384450,37.47227,-88.54727,"                     LUSK CREEK NEAR EDDYVILLE, IL",0.6696765061829588
3439000,35.14333,-82.82472,"                  FRENCH BROAD RIVER AT ROSMAN, NC",0.8128236101647901
3455500,35.39611,-82.9375,"    W F PIGEON R ABOVE LAKE LOGAN NR HAZELWOOD, NC",0.7540470916070133
3456500,35.46167,-82.86972,"            EAST FORK PIGEON RIVER NEAR CANTON, NC",0.7866325992753574
3460000,35.6675,-83.07361,"            CATALOOCHEE CREEK NEAR CATALOOCHEE, NC",0.8134848593076038
3463300,35.83151,-82.18429,"                     SOUTH TOE RIVER NEAR CELO, NC",0.7546831120932332
3471500,36.76039,-81.63123,"   S F HOLSTON RIVER AT RIVERSIDE NR CHILHOWIE, VA",0.7845779811900604
3473000,36.65178,-81.84401,"               S F HOLSTON RIVER NEAR DAMASCUS, VA",0.8246712168957634
3479000,36.23917,-81.82222,"                WATAUGA RIVER NEAR SUGAR GROVE, NC",0.7751846054975826
3488000,36.89678,-81.74623,"              N F HOLSTON RIVER NEAR SALTVILLE, VA",0.8195424255396095
3498500,35.78562,-83.8846,"                   LITTLE RIVER NEAR MARYVILLE, TN",0.8528631918291741
3500000,35.15,-83.37972,"          LITTLE TENNESSEE RIVER NEAR PRENTISS, NC",0.8872837874015256
3504000,35.1275,-83.61861,"          NANTAHALA RIVER NEAR RAINBOW SPRINGS, NC",0.7725219060801256
3574500,34.62425,-86.30637,                PAINT ROCK RIVER NEAR WOODVILLE AL,0.8287905573213171
3592718,34.83556,-88.28806,"        LITTLE YELLOW CREEK EAST NR BURNSVILLE, MS",0.7365056698299857
3604000,35.49591,-87.8328,"                 BUFFALO RIVER NEAR FLAT WOODS, TN",0.8076374582659048
5291000,45.29163,-96.48756,"           WHETSTONE RIVER NEAR BIG STONE CITY, SD",0.46837852160263727
5362000,45.30803,-90.95652,"                         JUMP RIVER AT SHELDON, WI",
5393500,45.44913,-89.97931,"                  SPIRIT RIVER AT SPIRIT FALLS, WI",0.7342025518126926
5399500,44.82191,-90.07958,"             BIG EAU PLEINE RIVER AT STRATFORD, WI",0.7065585780889603
5408000,43.57414,-90.64319,"                    KICKAPOO RIVER AT LA FARGE, WI",0.6543596583081601
5413500,42.72027,-90.81929,"                         GRANT RIVER AT BURTON, WI",0.6811240959542946
5414000,42.7311,-90.64041,"                   PLATTE RIVER NEAR ROCKVILLE, WI",0.601767353370497
5444000,41.90281,-89.69622,"                    ELKHORN CREEK NEAR PENROSE, IL",0.5980634736435594
5454000,41.70002,-91.48767,"                    Rapid Creek near Iowa City, IA",0.5300088066469923
5458000,43.03328,-92.50354,"                 Little Cedar River near Ionia, IA",0.6730966168708808
5466500,41.18698,-90.96737,"                 EDWARDS RIVER NEAR NEW BOSTON, IL",0.750150236485747
5487980,41.24688,-93.26607,"                White Breast Creek near Dallas, IA",0.643432369992424
5488200,41.30055,-93.04548,"                  English Creek near Knoxville, IA",0.6436878692053845
5489000,41.219,-92.90853,"                       Cedar Creek near Bussey, IA",0.65938187244978
5495000,40.39241,-91.59788,"                          Fox River at Wayland, MO",0.6950707226131012
5495500,40.14282,-91.33737,"                    BEAR CREEK NEAR MARCELLINE, IL",0.5977416946366563
5501000,39.81799,-91.5177,"                        North River at Palmyra, MO",0.5856012389134145
5503800,39.58483,-91.99349,"                      Crooked Creek near Paris, MO",0.4984244901629843
5507600,39.43143,-91.67627,"                           Lick Creek at Perry, MO",0.4919485295492326
5508805,39.52046,-91.34275,"          Spencer Cr. bl Plum Cr. nr Frankford, MO",0.5669107459335885
5525500,40.63004,-87.72392,"                        SUGAR CREEK AT MILFORD, IL",0.7791765354022766
5556500,41.36587,-89.49843,"                 BIG BUREAU CREEK AT PRINCETON, IL",0.6704137063167004
5584500,40.33032,-90.89624,"                      LA MOINE RIVER AT COLMAR, IL",0.7612913325670492
5591550,39.5067,-88.52756,"                 WHITLEY CREEK NEAR ALLENVILLE, IL",0.6951317919689793
5592050,39.40587,-88.89646,"               ROBINSON CREEK NEAR SHELBYVILLE, IL",0.654132079408156
5592575,38.93699,-88.95284,"                 HICKORY CREEK NEAR BROWNSTOWN, IL",0.5698602457556168
5593575,38.44172,-89.41675,"          LITTLE CROOKED CREEK NEAR NEW MINDEN, IL",0.6936625866532342
5593900,39.14894,-89.35231,"            EAST FORK SHOAL CREEK NEAR COFFEEN, IL",0.564421207440374
5595730,38.25394,-89.03979,"                  RAYSE CREEK NEAR WALTONVILLE, IL",0.6828618599024237
7291000,31.50306,-90.7775,"                 HOMOCHITTO RIVER AT EDDICETON, MS",0.6107884715364371
7359610,34.38278,-93.60611,"                    Caddo River near Caddo Gap, AR",0.6564996366059697
7362100,33.37596,-92.77711,"              SMACKOVER CREEK NEAR SMACKOVER, ARK.",0.6977672539164905
7362587,34.79759,-92.93351,"            Alum Fork Saline River near Reform, AR",0.6861162231446246
7375000,30.61602,-90.24869,"                  Tchefuncta River near Folsom, LA",0.5639218474353244
8013000,30.99602,-92.67375,"                   CALCASIEU RIVER NR GLENMORA, LA",0.7342679923354928
8014500,30.69875,-92.89319,"             Whiskey Chitto Creek Near Oberlin, LA",0.6362462198883516
5057200,47.22916,-98.12482,"                       BALDHILL CREEK NR DAZEY, ND",0.4114543390477
5120500,48.13834,-100.53986,"                  WINTERING RIVER NR KARLSRUHE, ND",0.6997596952566288
6221400,43.34551,-109.41014,"     DINWOODY CREEK ABOVE LAKES, NEAR BURRIS, WYO.",0.0885225983822342
6224000,43.1769,-109.20291,"               BULL LAKE CREEK ABOVE BULL LAKE, WY",0.44202952516853966
6278300,44.50802,-107.40369,"       SHELL CREEK ABOVE SHELL CREEK RESERVOIR, WY",0.7035078784926212
6280300,44.20828,-109.55489,"         SOUTH FORK SHOSHONE RIVER NEAR VALLEY, WY",0.4955147967879656
6289000,45.00691,-107.61509,    Little Bighorn River at State Line nr Wyola MT,0.752402883659807
6311000,44.02774,-107.08089,"         NORTH FORK POWDER RIVER NEAR HAZELTON, WY",0.5528772834332774
6332515,47.78724,-102.76853,"                    BEAR DEN CREEK NR MANDAREE, ND",0.3584406931303893
6339100,47.23613,-102.76991,"                        KNIFE RIVER AT MANNING, ND",0.3188605984795848
6344600,47.02779,-103.05324,"                     GREEN RIVER NR NEW HRADEC, ND",0.21383403840455484
6350000,46.42667,-102.55183,"                    CANNONBALL RIVER AT REGENT, ND",0.011070802371994759
6352000,46.15417,-102.47405,"                         CEDAR CREEK NR HAYNES, ND",0.14614796461913726
6404000,43.87249,-103.33658,                        BATTLE CR NEAR KEYSTONE SD,0.7446862158064713
6406000,43.82805,-103.19602,                           BATTLE CR AT HERMOSA SD,0.6804170704504684
6409000,44.01359,-103.83048,   CASTLE CR ABOVE DEERFIELD RES NEAR HILL CITY SD,-0.20276145338183982
6431500,44.48248,-103.86159,                      SPEARFISH CR AT SPEARFISH SD,0.19549607576791284
6440200,43.96888,-101.76709,"               SOUTH FORK BAD R NEAR COTTONWOOD,SD",0.23654219925581155
6447500,43.16667,-101.63015,                     LITTLE WHITE R NEAR MARTIN SD,0.440558742656847
6470800,46.22524,-98.07177,"                           BEAR CREEK NR OAKES, ND",0.2012189989312243
6477500,43.7764,-98.24567,                 FIRESTEEL CR NEAR MOUNT VERNON SD,0.5552978431676076
6479215,45.1808,-97.18619,                    BIG SIOUX RIVER NR FLORENCE SD,0.3868030168799256
6601000,42.32158,-96.48768,"                           OMAHA CR AT HOMER, NEBR",0.4076188972145669
6614800,40.49609,-105.86501,"             MICHIGAN RIVER NEAR CAMERON PASS, CO.",0.42389549871747967
6622700,41.37024,-106.52058,"               NORTH BRUSH CREEK NEAR SARATOGA, WY",0.8376058278213946
6623800,41.02358,-106.82477,"ENCAMPMENT RIVER AB HOG PARK CR, NR ENCAMPMENT, WY",0.8056410146470351
6632400,41.58525,-106.22279," ROCK CREEK AB KING CANYON CANAL, NR ARLINGTON, WY",0.4823203515576615
6746095,40.53998,-105.88279,"  JOE WRIGHT CREEK ABOVE JOE WRIGHT RESERVOIR, CO.",0.10727131434737203
6803510,40.89311,-96.68155,"             LITTLE SALT CREEK NEAR LINCOLN, NEBR.",0.3702716160292251
6803530,41.0157,-96.54428,"                    ROCK CREEK NEAR CERESCO, NEBR.",0.5304342535018893
6814000,39.94778,-96.10862,"                            TURKEY C NR SENECA, KS",0.5461527300920814
6847900,39.76985,-100.10078,"          PRAIRIE DOG C AB KEITH SEBELIUS LAKE, KS",0.0500525171760805
6853800,39.89925,-98.25043,"                      WHITE ROCK C NR BURR OAK, KS",0.3241368764745336
6876700,39.13907,-97.83696,"                                 SALT C NR ADA, KS",0.7685373552186944
6878000,39.03111,-97.04029,"                          CHAPMAN C NR CHAPMAN, KS",0.5264897543944134
6879650,39.10195,-96.59521,"                          KINGS C NR MANHATTAN, KS",0.10556302177978438
6885500,39.68192,-96.44289,"               BLACK VERMILLION R NR FRANKFORT, KS",0.517825373786974
6888500,39.06265,-96.15025,"                              MILL C NR PAXICO, KS",0.5792462673736208
6889200,39.23833,-95.8886,"                            SOLDIER C NR DELIA, KS",0.5020723351684364
6889500,39.09938,-95.72495,"                           SOLDIER C NR TOPEKA, KS",0.4792767590153012
6892000,39.11633,-95.01088,"                      STRANGER C NR TONGANOXIE, KS",0.697383621243852
6903400,40.95189,-93.25985,"                  Chariton River near Chariton, IA",0.7094173737757867
6906800,38.70225,-92.97883,"                  Lamine River near Otterville, MO",0.5055041458854088
6910800,38.56701,-95.96163,"                MARAIS DES CYGNES R NR READING, KS",0.4897577108457356
6911900,38.71069,-95.83603,"                       DRAGOON C NR BURLINGAME, KS",0.43795566185181456
6917000,38.01897,-94.71367,"                           L OSAGE R AT FULTON, KS",0.717943701082629
6918460,37.40237,-93.80203,"               Turnback Creek above Greenfield, MO",0.7298264414153375
6919500,37.8342,-93.87549,"                Cedar Creek near Pleasant View, MO",0.7132039509368249
6921070,37.68265,-93.37033,"                Pomme de Terre River near Polk, MO",0.6054237866850802
6921200,37.75047,-93.26618,"                       Lindley Creek near Polk, MO",0.5258812775227627
7057500,36.62303,-92.24813,"                North Fork River near Tecumseh, MO",0.7722365501828077
7060710,35.99535,-92.21265,"           North Sylamore Creek near Fifty Six, AR",0.42358057430270135
7066000,37.15408,-91.35816,"                        Jacks Fork at Eminence, MO",0.7572596122109794
7083000,39.17221,-106.38919,"                    HALFMOON CREEK NEAR MALTA, CO.",0.24921045633717598
7142300,37.87159,-98.87614,"                   RATTLESNAKE C NR MACKSVILLE, KS",0.14311088091838065
7145700,37.24955,-97.4039,"                         SLATE C AT WELLINGTON, KS",0.5102765364936166
7167500,37.70821,-96.2236,"                             OTTER C AT CLIMAX, KS",0.5192022210443807
7180500,38.19645,-96.82458,"                        CEDAR C NR CEDAR POINT, KS",0.5982086779423368
7184000,37.28125,-95.03267,"                         LIGHTNING C NR MCCUNE, KS",0.48553746744864645
7195800,36.25548,-94.43394,"                     Flint Creek at Springtown, AR",0.7188495090931044
7196900,35.88008,-94.48661,"                     Baron Fork at Dutch Mills, AR",0.6274453957656889
7197000,35.9212,-94.83856,"                           Baron Fork at Eldon, OK",0.8036726473817473
7208500,36.37226,-104.97,"                    RAYADO CREEK NEAR CIMARRON, NM",0.5783357402680511
7261000,35.2988,-92.40393,"                         Cadron Creek near Guy, AR",0.8481720126814749
7263295,34.8762,-92.77461,"           Maumelle River at Williams Junction, AR",0.7697450002753584
7299670,34.35452,-99.74037,"                Groesbeck Ck at SH 6 nr Quanah, TX",0.37924599911186097
7301410,35.4731,-100.12095,"                       Sweetwater Ck nr Kelton, TX",0.5282443937007015
7315200,33.81288,-98.08504,"           E Fk Little Wichita Rv nr Henrietta, TX",0.5016910346864727
7315700,34.00426,-97.56697,"                       Mud Creek near Courtney, OK",0.802188701337285
7335700,34.63844,-94.61272,"                 Kiamichi River near Big Cedar, OK",0.6649634012152505
7340300,34.37955,-94.23576,"               Cossatot River near Vandervoort, AR",0.7579578112205947
7346045,32.77792,-94.35742,"              Black Cypress Bayou at Jefferson, TX",0.810202219758758
8023080,31.97933,-93.93408,"                 Bayou Grand Cane near Stanley, LA",0.6393789011239317
8050800,33.55455,-96.94723,"                     Timber Ck nr Collinsville, TX",0.32295906740859737
8066200,30.71631,-94.95882,"                    Long King Ck at Livingston, TX",0.3730811263323969
8066300,30.48139,-94.77972,"                              Menard Ck nr Rye, TX",0.736044821919092
8070000,30.3366,-95.1041,"              E Fk San Jacinto Rv nr Cleveland, TX",0.6056111102529609
8070200,30.14549,-95.12438,"              E Fk San Jacinto Rv nr New Caney, TX",0.6342609375093109
8082700,33.32927,-99.46508,"                          Millers Ck nr Munday, TX",-0.0428829548527192
8086212,32.7329,-99.14063,"                          Hubbard Ck bl Albany, TX",0.35662010385751
8086290,32.64846,-99.00451,"                 Big Sandy Ck abv Breckenridge, TX",0.25737149798834236
8101000,31.28489,-97.88502,"                        Cowhouse Ck at Pidcoke, TX",0.5350725131425527
8103900,30.91157,-98.03697,"                       S Fk Rocky Ck nr Briggs, TX",0.3685146006016119
8104900,30.62575,-97.69112,"             S Fk San Gabriel Rv at Georgetown, TX",0.3466853422389965
8109700,30.33938,-96.9047,"                   Middle Yegua Ck nr Dime Box, TX",0.38272392518667053
8150800,30.64352,-99.09588,"                            Beaver Ck nr Mason, TX",0.21292448288793442
8158700,30.08299,-98.00779,"                         Onion Ck nr Driftwood, TX",0.6289791145925854
8158810,30.15549,-97.94001,"               Bear Ck bl FM 1826 nr Driftwood, TX",0.4238711620890431
8164300,29.46691,-96.81276,"                   Navidad Rv nr Hallettsville, TX",0.28149356869467546
8164600,28.89138,-96.81915,"                           Garcitas Ck nr Inez, TX",0.550042048028358
8165300,30.0641,-99.38699,"                     N Fk Guadalupe Rv nr Hunt, TX",0.2912474891361768
8171300,29.97938,-97.91,"                             Blanco Rv nr Kyle, TX",0.46561052531422686
8175000,29.21525,-97.44943,"                        Sandies Ck nr Westhoff, TX",0.29877339816843695
8176900,28.86165,-97.22638,"           Coleto Ck at Arnold Rd nr Schroeder, TX",0.1022417163253293
8178880,29.72384,-99.07004,"                          Medina Rv at Bandera, TX",0.6317771723217293
8189500,28.29195,-97.27916,"                         Mission Rv at Refugio, TX",0.5336815345188505
8190000,29.42857,-99.99729,"                           Nueces Rv at Laguna, TX",0.38671426848520707
8190500,29.47273,-100.23646,"                  W Nueces Rv nr Brackettville, TX",-0.12837105811904514
8194200,27.96501,-98.96697,"                      San Casimiro Ck nr Freer, TX",0.5034154682169772
8195000,29.48857,-99.70478,"                             Frio Rv at Concan, TX",0.45050826380479525
8196000,29.50468,-99.78145,"                   Dry Frio Rv nr Reagan Wells, TX",0.4894262863396195
8198500,29.31431,-99.48047,"                         Sabinal Rv at Sabinal, TX",0.11695720466590298
8200000,29.56967,-99.24671,"                           Hondo Ck nr Tarpley, TX",0.6195648948264101
8202700,29.37079,-99.28782,"              Seco Ck at Rowe Ranch nr D'Hanis, TX",-0.3349950618693911
8267500,36.54169,-105.5564,"                         RIO HONDO NEAR VALDEZ, NM",0.7335842405167536
8269000,36.43947,-105.50362,"                  RIO PUEBLO DE TAOS NEAR TAOS, NM",0.7014109279768486
8271000,36.50836,-105.53084,"                   RIO LUCERO NEAR ARROYO SECO, NM",0.2328517750692698
8324000,35.66169,-106.74337,"                        JEMEZ RIVER NEAR JEMEZ, NM",0.639568623639132
8377900,35.77725,-105.65807,"                         RIO MORA NEAR TERRERO, NM",0.63441075104507
8378500,35.70837,-105.68252,"                        PECOS RIVER NEAR PECOS, NM",0.6337594807861437
8380500,35.65199,-105.3189,"                 GALLINAS CREEK NEAR MONTEZUMA, NM",0.4318874617812075
9035900,39.79582,-106.03057,"        SOUTH FORK OF WILLIAMS FORK NEAR LEAL, CO.",0.6397773274994817
9047700,39.59443,-105.97252,"                   KEYSTONE GULCH NEAR DILLON, CO.",0.7585808862866585
9065500,39.62582,-106.27808,"    GORE CREEK AT UPPER STATION, NEAR MINTURN, CO.",0.22406986692337838
9066000,39.59638,-106.26503,"                BLACK GORE CREEK NEAR MINTURN, CO.",
9066200,39.64832,-106.32308,"                     BOOTH CREEK NEAR MINTURN, CO.",0.030591872919826124
9066300,39.64582,-106.38225,"                    MIDDLE CREEK NEAR MINTURN, CO.",
9081600,39.23221,-107.22727,"  CRYSTAL RIVER AB AVALANCHE C, NEAR REDSTONE, CO.",0.760436460386183
9107000,38.86027,-106.5667,"                  TAYLOR RIVER AT TAYLOR PARK, CO.",0.6070666882243674
9210500,42.09605,-110.41656,"FONTENELLE C NR HERSCHLER RANCH, NR FONTENELLE, WY",0.7129891276845097
9223000,42.11049,-110.70962,"     HAMS FORK BELOW POLE CREEK, NEAR FRONTIER, WY",0.8278885572122588
9306242,39.92025,-108.47287,"                    CORRAL GULCH NEAR RANGELY, CO.",0.17546239031016297
9312600,39.87579,-111.03739," WHITE RIVER BL TABBYUNE C NEAR SOLDIER SUMMIT, UT",
9352900,37.4775,-107.54367,"                VALLECITO CREEK NEAR BAYFIELD, CO.",0.6349944055891772
9378170,37.84666,-109.36956,"   SOUTH CREEK ABOVE RESERVOIR NEAR MONTICELLO, UT",
9386900,35.28253,-108.55341,"                         RIO NUTRIA NEAR RAMAH, NM",0.46789751191917217
9404450,37.33943,-112.60438,"          EAST FORK VIRGIN RIVER NEAR GLENDALE, UT",
9430600,33.16673,-108.64978,"                     MOGOLLON CREEK NEAR CLIFF, NM",0.5455239235876274
9447800,32.95562,-109.53119,"                    BONITA CREEK NEAR MORENCI, AZ.",0.0688882157244105
9484600,32.03591,-110.67758,"                       PANTANO WASH NEAR VAIL, AZ.",0.1566979086027952
9492400,33.82227,-109.81454,"       EAST FORK WHITE RIVER NEAR FORT APACHE, AZ.",0.5805496511253576
9494000,33.73644,-110.16677,"                 WHITE RIVER NEAR FORT APACHE, AZ.",0.67225183627669
9497980,33.82783,-110.85623,"                      CHERRY CREEK NEAR GLOBE, AZ.",0.5837054384866618
9505350,34.72863,-111.77571,"                DRY BEAVER CREEK NEAR RIMROCK, AZ.",0.2960316873928982
9505800,34.53864,-111.69404,"             WEST CLEAR CREEK NEAR CAMP VERDE, AZ.",0.515341207471516
9508300,34.16087,-111.69292,"                 WET BOTTOM CREEK NEAR CHILDS, AZ.",0.5760129212976786
9510200,33.69421,-111.5418,"            SYCAMORE CREEK NEAR FORT MCDOWELL, AZ.",0.5856082870980589
9512280,33.88726,-111.95404," CAVE CREEK BLW COTTONWOOD CR NEAR CAVE CREEK, AZ.",0.17121768704059237
9513780,33.9742,-112.09905,"                  NEW RIVER NEAR ROCK SPRINGS, AZ.",0.2944143382877773
10234500,38.28053,-112.56827,"                      BEAVER RIVER NEAR BEAVER, UT",0.7172003302202958
10244950,39.20154,-114.68916,"                              STEPTOE C NR ELY, NV",0.464367401802838
10336645,39.05185,-120.11852,                         GENERAL C NR MEEKS BAY CA,0.6870655864257251
10336660,39.10741,-120.16214,                      BLACKWOOD C NR TAHOE CITY CA,0.2604304015285077
10343500,39.43157,-120.23798,                           SAGEHEN C NR TRUCKEE CA,0.7757131904019733
12010000,46.37399,-123.74348,"                    NASELLE RIVER NEAR NASELLE, WA",0.6556030628971818
12013500,46.65093,-123.65266,"                    WILLAPA RIVER NEAR WILLAPA, WA",0.9190110310761704
12020000,46.61732,-123.27764,"                      CHEHALIS RIVER NEAR DOTY, WA",0.820728184935466
12025700,46.7726,-122.59401,"                  SKOOKUMCHUCK RIVER NEAR VAIL, WA",0.7964561052196835
12035000,47.00065,-123.49488,"                      SATSOP RIVER NEAR SATSOP, WA",0.8126006054063016
12040500,47.53786,-124.31575,"                  QUEETS RIVER NEAR CLEARWATER, WA",0.7828929072105966
12041200,47.80675,-124.25103,"        HOH RIVER AT US HIGHWAY 101 NEAR FORKS, WA",0.7883086198928771
12048000,48.01426,-123.13268,"                   DUNGENESS RIVER NEAR SEQUIM, WA",0.11773319426878437
12054000,47.68398,-123.01155,"                  DUCKABUSH RIVER NEAR BRINNON, WA",0.7119156784652996
12056500,47.51426,-123.32989," NF SKOKOMISH R BL STAIRCASE RPDS NR HOODSPORT, WA",0.7163738646320603
12073500,47.38926,-122.69902,"                         HUGE CREEK NEAR WAUNA, WA",0.7747561782448902
12082500,46.75261,-122.08372,"                 NISQUALLY RIVER NEAR NATIONAL, WA",0.7056636394434431
12092000,46.90372,-122.03511,"                  PUYALLUP RIVER NEAR ELECTRON, WA",0.623974060544582
12114500,47.34205,-121.54899," CEDAR RIVER BELOW BEAR CREEK NEAR CEDAR FALLS, WA",0.6086417074671435
12115000,47.37011,-121.6251,"                  CEDAR RIVER NEAR CEDAR FALLS, WA",0.7007931203382101
12117000,47.38649,-121.84622,"                     TAYLOR CREEK NEAR SELLECK, WA",0.8115507605981267
12143600,47.4526,-121.71788,"               SF SNOQUALMIE RIVER AT EDGEWICK, WA",0.7284792247677507
12144000,47.49288,-121.79011,"             SF SNOQUALMIE RIVER AT NORTH BEND, WA",0.6977278556950999
12145500,47.53982,-121.909,"                   RAGING RIVER NEAR FALL CITY, WA",0.8686764885228753
12147500,47.71232,-121.78873,"          NORTH FORK TOLT RIVER NEAR CARNATION, WA",0.5676758867137508
12167000,48.26149,-122.04764,"         NF STILLAGUAMISH RIVER NEAR ARLINGTON, WA",0.7753956325716777
12175500,48.67263,-121.0729,"                   THUNDER CREEK NEAR NEWHALEM, WA",0.3759208659584645
12178100,48.65596,-121.23846,"                  NEWHALEM CREEK NEAR NEWHALEM, WA",0.5460069428601876
12186000,48.16872,-121.47067,"SAUK RIVER AB WHITECHUCK RIVER NEAR DARRINGTON, WA",0.7307274076213307
12189500,48.42456,-121.56846,"                          SAUK RIVER NEAR SAUK, WA",0.7017134747646949
12375900,47.4916,-114.02677,                    South Crow Creek near Ronan MT,0.844856467838454
12377150,47.32299,-113.97955,         Mission Cr ab Reservoir nr ST Ignatius MT,0.2697087211698428
12381400,47.19549,-113.85065,              South Fork Jocko River near Arlee MT,0.5725879525414135
12390700,47.58605,-115.35515,               Prospect Creek at Thompson Falls MT,0.6859684031331936
12411000,47.70611,-115.97917,  NF COEUR D ALENE R AB SHOSHONE CK NR PRICHARD ID,0.5929916505502859
12447390,48.82292,-120.14592,"                     ANDREWS CREEK NEAR MAZAMA, WA",0.8166793627695035
12451000,48.32958,-120.69177,"                    STEHEKIN RIVER AT STEHEKIN, WA",0.3029323736427475
12488500,46.97762,-121.1687,"                      AMERICAN RIVER NEAR NILE, WA",0.8115400467987615
13011500,43.85028,-110.51778,                         PACIFIC CREEK AT MORAN WY,0.6721909071784054
13011900,43.83806,-110.44111,            BUFFALO FORK AB LAVA CREEK NR MORAN WY,0.8267963343729697
13018300,43.45215,-110.70409,"                      CACHE CREEK NEAR JACKSON, WY",0.7986611887283
13023000,43.14278,-110.97667,             GREYS RIVER AB RESERVOIR NR ALPINE WY,0.858205446672806
13161500,41.93324,-115.67453,                       BRUNEAU RIVER AT ROWLAND NV,0.6541072241318957
13235000,44.08528,-115.62222,                     SF PAYETTE RIVER AT LOWMAN ID,0.40972864603191617
13240000,44.91361,-115.99722,  LAKE FORK PAYETTE RIVER AB JUMBO CR NR MCCALL ID,0.401238141556693
13313000,44.96167,-115.5,                   JOHNSON CREEK AT YELLOW PINE ID,0.8630626295896289
13331500,45.61987,-117.72659,"                        MINAM RIVER NEAR MINAM, OR",0.7339861356846755
14020000,45.71958,-118.32329," UMATILLA RIVER ABOVE MEACHAM CREEK, NR GIBBON, OR",0.6947284035166692
14096850,44.95873,-121.39423,"     BEAVER CREEK, BLW QUARTZ CR, NR SIMNASHO, OR.",0.5533565005301182
14137000,45.39956,-122.13731,"                       SANDY RIVER NEAR MARMOT, OR",0.8060307957933406
14138800,45.45262,-121.89147,"       BLAZED ALDER CREEK NEAR RHODODENDRON, OREG.",0.8093998204283934
14138870,45.48012,-122.02564,"                     FIR CREEK NEAR BRIGHTWOOD, OR",0.8313974068281419
14138900,45.49429,-122.03592,"NORTH FORK BULL RUN RIVER NEAR MULTNOMAH FALLS, OR",0.7144291991903022
14139800,45.44456,-122.10953,"       SOUTH FORK BULL RUN RIVER NEAR BULL RUN, OR",0.7672855369553887
14141500,45.4154,-122.17148,"           LITTLE SANDY RIVER NEAR BULL RUN, OREG.",0.8182755972043718
14154500,43.73596,-122.8734,"  ROW RIVER ABOVE PITCHER CREEK NEAR, DORENA, OREG",0.8498733847721529
14158790,44.33457,-122.04701,"     SMITH R AB SMITH R RES NR BELKNAP SPRGS,OREG.",0.6920319685603504
14166500,44.04984,-123.42621,"                   LONG TOM RIVER NEAR NOTI, OREG.",0.9194768404173485
14182500,44.79151,-122.57897,"        LITTLE NORTH SANTIAM RIVER NEAR MEHAMA, OR",0.7746141840988888
14185000,44.39179,-122.49758,"            SOUTH SANTIAM RIVER BELOW CASCADIA, OR",0.8656926590168819
14185900,44.54012,-122.43591,"            QUARTZVILLE CREEK NEAR CASCADIA, OREG.",0.7973759498702224
14187000,44.37235,-122.62314,"                       WILEY CREEK NEAR FOSTER, OR",0.8707280967975946
14216500,46.07567,-121.9987,"     MUDDY CREEK BELOW CLEAR CREEK NEAR COUGAR, WA",0.7337657804192921
14222500,45.83678,-122.46621,"            EAST FORK LEWIS RIVER NEAR HEISSON, WA",0.7781701785704922
14236200,46.59538,-122.45956,"TILTON RIVER AB BEAR CANYON CREEK NEAR CINEBAR, WA",0.6993474336003755
14301000,45.704,-123.7554,"                       NEHALEM RIVER NEAR FOSS, OR",0.9046297419679065
14303200,45.32428,-123.5465,"                      TUCCA CREEK NEAR BLAINE, OR.",0.8487420120565412
14305500,44.71512,-123.88733,"                        SILETZ RIVER AT SILETZ, OR",0.7775281875277809
14306340,44.2479,-123.63649,"           EAST FORK LOBSTER CREEK NEAR ALSEA, OR.",0.8233440620325787
14306500,44.38595,-123.83178,"                    ALSEA RIVER NEAR TIDEWATER, OR",0.9197821499901486
14308990,42.82318,-123.12589,"      COW CREEK ABV GALESVILLE RES, NR AZALEA, OR.",0.7033980651481713
14309500,42.804,-123.61091,"             WEST FORK COW CREEK NEAR GLENDALE, OR",0.8471538346326487
14316700,43.34984,-122.72894,"                    STEAMBOAT CREEK NEAR GLIDE, OR",0.8041335535290662
14325000,42.8915,-124.07065,"           SOUTH FORK COQUILLE RIVER AT POWERS, OR",0.8474088373626792
14362250,42.15401,-123.07532,"                         STAR GULCH NEAR RUCH, OR.",0.20051854136654235
14400000,42.12344,-124.18731,"                   CHETCO RIVER NEAR BROOKINGS, OR",0.7935917221039432
10259000,33.76002,-116.55002,                      ANDREAS C NR PALM SPRINGS CA,0.5764595023835841
11124500,34.59666,-119.90875,                     SANTA CRUZ C NR SANTA YNEZ CA,0.4534246574446391
11141280,35.23553,-120.47239,                       LOPEZ C NR ARROYO GRANDE CA,0.6941799004606735
11143000,36.2458,-121.77329,                           BIG SUR R NR BIG SUR CA,0.7929352988998688
11148900,35.78858,-121.09381,            NACIMIENTO R BL SAPAQUE C NR BRYSON CA,0.7177808824992353
11151300,36.26802,-121.0663,    SAN LORENZO C BL BITTERWATER C NR KING CITY CA,0.17571215082109604
11176400,37.56132,-121.68384,           ARROYO VALLE BL LANG CN NR LIVERMORE CA,0.6546927676310832
11264500,37.73159,-119.55877,      MERCED R A HAPPY ISLES BRIDGE NR YOSEMITE CA,0.8451071472587939
11266500,37.71687,-119.66628,           MERCED R A POHONO BRIDGE NR YOSEMITE CA,0.7811748158933475
11284400,37.84187,-120.18491,             BIG C AB WHITES GULCH NR GROVELAND CA,0.2630758138323078
11381500,40.0546,-122.02415,                          MILL C NR LOS MOLINOS CA,0.8028992137162742
11451100,39.16545,-122.61999,    NF CACHE C A HOUGH SPRING NR CLEARLAKE OAKS CA,0.8036176950334444
11468500,39.42822,-123.73779,                           NOYO R NR FORT BRAGG CA,0.8745816933876372
11473900,39.70627,-123.32529,                           MF EEL R NR DOS RIOS CA,0.8173430516938252
11475560,39.7296,-123.64391,                           ELDER C NR BRANSCOMB CA,0.877054041352237
11476600,40.35125,-124.00393,                                BULL C NR WEOTT CA,0.9094524885556274
11478500,40.48042,-123.89088,                     VAN DUZEN R NR BRIDGEVILLE CA,0.8750861879586539
11480390,40.28431,-123.3353,               MAD R AB RUTH RES NR FOREST GLEN CA,0.8910948937127873
11481200,41.01096,-124.08173,                           LITTLE R NR TRINIDAD CA,0.8711251137849476
11482500,41.29929,-124.05118,                              REDWOOD C A ORICK CA,0.9128444243912057
11522500,41.37763,-123.47756,                           SALMON R A SOMES BAR CA,0.8192186736791395
11523200,41.11126,-122.70558,           TRINITY R AB COFFEE C NR TRINITY CTR CA,0.5985282419574847
11528700,40.64986,-123.4942,                        SF TRINITY R BL HYAMPOM CA,0.8798008904952863
11532500,41.7915,-124.07619,                       SMITH R NR CRESCENT CITY CA,0.8917037425434736
